{"alexa_prize": {"use": {"sml": {"full": 0.9551279649267433, "few_shot_5": 0.5090680855847416, "few_shot_20": 0.8216547382620751, "few_shot_50": 0.7353767752089032, "few_shot_100": 0.8633229662382433}, "smc": {"full": 0.9973582643234533, "few_shot_5": 0.6071870198973283, "few_shot_20": 0.8780117660284034, "few_shot_50": 0.9204294225652939, "few_shot_100": 0.9491512721549819}, "mml": {"full": 0.9851987859257316, "few_shot_5": 0.5458275564881777, "few_shot_20": 0.5849664630719077, "few_shot_50": 0.7277513396035523, "few_shot_100": 0.8092704312961367}, "mmc": {"full": 0.995409750065575, "few_shot_5": 0.7543185820811631, "few_shot_20": 0.9024244013939371, "few_shot_50": 0.937872372316109, "few_shot_100": 0.9609173005583242}}, "use_large": {"sml": {"full": 0.8491587664405891, "few_shot_5": 0.3470228950425301, "few_shot_20": 0.6714879904073144, "few_shot_50": 0.6822422902536815, "few_shot_100": 0.703170082811856}, "smc": {"full": 0.9974706786075618, "few_shot_5": 0.6972683328961666, "few_shot_20": 0.8579270806010417, "few_shot_50": 0.9305279724210289, "few_shot_100": 0.9571326863266759}, "mml": {"full": 0.967568479034736, "few_shot_5": 0.13000711957132685, "few_shot_20": 0.5810132274140968, "few_shot_50": 0.6632630119533856, "few_shot_100": 0.8334957095214899}, "mmc": {"full": 0.9946790572188706, "few_shot_5": 0.7889796530145764, "few_shot_20": 0.9417131936898115, "few_shot_50": 0.9567392363322966, "few_shot_100": 0.9701165361411923}}, "convert": {"sml": {"full": 0.6098100198598568, "few_shot_5": 0.4604114362798366, "few_shot_20": 0.6197399482894294, "few_shot_50": 0.4604489077078727, "few_shot_100": 0.4604489077078727}, "smc": {"full": 0.9976393000337243, "few_shot_5": 0.7454565893506202, "few_shot_20": 0.9200359725709146, "few_shot_50": 0.9441863079401956, "few_shot_100": 0.9675310076066999}, "mml": {"full": 0.9962903286244239, "few_shot_5": 0.7873683816090231, "few_shot_20": 0.9448045865027916, "few_shot_50": 0.9659010004871286, "few_shot_100": 0.9737700003747143}, "mmc": {"full": 0.9991756285832053, "few_shot_5": 0.8378798666017162, "few_shot_20": 0.9736575860906059, "few_shot_50": 0.9799902574287106, "few_shot_100": 0.9825383145351669}}, "use+convert": {"sml": {"full": 0.6100535841420917, "few_shot_5": 0.4604114362798366, "few_shot_20": 0.6197399482894294, "few_shot_50": 0.4604489077078727, "few_shot_100": 0.4604489077078727}, "smc": {"full": 0.9976393000337243, "few_shot_5": 0.7454378536366021, "few_shot_20": 0.9200921797129689, "few_shot_50": 0.9441675722261775, "few_shot_100": 0.9674935361786637}, "mml": {"full": 0.996627571476749, "few_shot_5": 0.7891108030127029, "few_shot_20": 0.9531045078127928, "few_shot_50": 0.9629407576722749, "few_shot_100": 0.9747067860756173}, "mmc": {"full": 0.9991756285832053, "few_shot_5": 0.8493835950088058, "few_shot_20": 0.9711095289841496, "few_shot_50": 0.9786974931614644, "few_shot_100": 0.9825383145351669}}}, "snips": {"use": {"sml": {"full": 0.48142857142857143, "few_shot_5": 0.36142857142857143, "few_shot_20": 0.38857142857142857, "few_shot_50": 0.5628571428571428, "few_shot_100": 0.4785714285714286}, "smc": {"full": 0.9428571428571428, "few_shot_5": 0.8285714285714286, "few_shot_20": 0.8371428571428572, "few_shot_50": 0.9014285714285715, "few_shot_100": 0.8857142857142857}, "mml": {"full": 0.91, "few_shot_5": 0.6414285714285715, "few_shot_20": 0.6785714285714286, "few_shot_50": 0.6814285714285714, "few_shot_100": 0.7828571428571428}, "mmc": {"full": 0.9671428571428572, "few_shot_5": 0.8514285714285714, "few_shot_20": 0.8857142857142857, "few_shot_50": 0.9185714285714286, "few_shot_100": 0.9257142857142857}}, "use_large": {"sml": {"full": 0.5042857142857143, "few_shot_5": 0.6371428571428571, "few_shot_20": 0.5971428571428572, "few_shot_50": 0.5771428571428572, "few_shot_100": 0.6085714285714285}, "smc": {"full": 0.9657142857142857, "few_shot_5": 0.8628571428571429, "few_shot_20": 0.8671428571428571, "few_shot_50": 0.9142857142857143, "few_shot_100": 0.9314285714285714}, "mml": {"full": 0.9314285714285714, "few_shot_5": 0.6742857142857143, "few_shot_20": 0.5614285714285714, "few_shot_50": 0.6942857142857143, "few_shot_100": 0.74}, "mmc": {"full": 0.9785714285714285, "few_shot_5": 0.8628571428571429, "few_shot_20": 0.9185714285714286, "few_shot_50": 0.9385714285714286, "few_shot_100": 0.9442857142857143}}, "convert": {"sml": {"full": 0.24714285714285714, "few_shot_5": 0.31, "few_shot_20": 0.28, "few_shot_50": 0.2571428571428571, "few_shot_100": 0.29}, "smc": {"full": 0.9714285714285714, "few_shot_5": 0.8957142857142857, "few_shot_20": 0.9214285714285714, "few_shot_50": 0.9485714285714286, "few_shot_100": 0.92}, "mml": {"full": 0.9571428571428572, "few_shot_5": 0.8442857142857143, "few_shot_20": 0.9128571428571428, "few_shot_50": 0.9, "few_shot_100": 0.9171428571428571}, "mmc": {"full": 0.9857142857142858, "few_shot_5": 0.8914285714285715, "few_shot_20": 0.9414285714285714, "few_shot_50": 0.9671428571428572, "few_shot_100": 0.9657142857142857}}, "use+convert": {"sml": {"full": 0.24714285714285714, "few_shot_5": 0.31, "few_shot_20": 0.2814285714285714, "few_shot_50": 0.2571428571428571, "few_shot_100": 0.29}, "smc": {"full": 0.9714285714285714, "few_shot_5": 0.8957142857142857, "few_shot_20": 0.9214285714285714, "few_shot_50": 0.9485714285714286, "few_shot_100": 0.92}, "mml": {"full": 0.9642857142857143, "few_shot_5": 0.8385714285714285, "few_shot_20": 0.9057142857142857, "few_shot_50": 0.9357142857142857, "few_shot_100": 0.9142857142857143}, "mmc": {"full": 0.9885714285714285, "few_shot_5": 0.9114285714285715, "few_shot_20": 0.9571428571428572, "few_shot_50": 0.9642857142857143, "few_shot_100": 0.9585714285714285}}}}